<?xml version="1.0" encoding="UTF-8"?>
<project-private xmlns="http://www.netbeans.org/ns/project-private/1">
    <editor-bookmarks xmlns="http://www.netbeans.org/ns/editor-bookmarks/2" lastBookmarkId="0"/>
    <open-files xmlns="http://www.netbeans.org/ns/projectui-open-files/2">
        <group>
            <file>file:/home/camper/Descargas/quiz/Quiz/src/com/chrc/sesion09/Futbol/Persona.java</file>
            <file>file:/home/camper/Descargas/quiz/Quiz/src/com/chrc/sesion09/Futbol/Equipo.java</file>
            <file>file:/home/camper/Descargas/quiz/Quiz/src/com/chrc/sesion09/sistemaliga/Sistema.java</file>
            <file>file:/home/camper/Descargas/quiz/Quiz/src/com/chrc/sesion09/Futbol/Liga.java</file>
            <file>file:/home/camper/Descargas/quiz/Quiz/src/com/chrc/sesion09/Futbol/TipoPersona.java</file>
            <file>file:/home/camper/Descargas/quiz/Quiz/src/com/chrc/sesion09/Futbol/Jugador.java</file>
        </group>
    </open-files>
</project-private>
